season,batter_id,1H SLG%,xSLG%,2H SLG%,Diff: xSLG from Actual,Diff: 1H SLG from Actual,Stacked SLG%,Diff: Stacked from Actual
2017,x007bc3de,0.520661157,0.4692088356,0.4375,0.031708835599999985,0.08316115700000004,0.5360919729193334,0.09859197291933341
2018,x007bc3de,0.5649717514,0.5671745774,0.5175438596,0.049630717799999946,0.047427891799999955,0.5721238792188537,0.054580019618853615
2017,x0129dfbe,0.578680203,0.6573954936,0.628742515,0.028652978600000045,0.050062312,0.6188789867472639,0.009863528252736065
2022,x028e87df,0.688172043,0.7151184902,0.6443298969,0.07078859329999998,0.043842146100000035,0.643396725131737,0.0009331717682630192
2021,x055e4b8f,0.4360902256,0.4918659755,0.352,0.13986597550000002,0.08409022560000001,0.49621372272651243,0.14421372272651245
2019,x05efd389,0.6842105263,0.6655671861,0.6165413534,0.04902583269999994,0.06766917289999996,0.6283589533410741,0.011817599941074008
2018,x078ae604,0.5161290323,0.5668035692,0.3884892086,0.17831436059999994,0.12763982369999993,0.5651389665189104,0.17664975791891036
2021,x078ae604,0.6068965517,0.576241855,0.5662100457,0.010031809300000027,0.04068650600000001,0.5699212074256472,0.0037111617256472273
2022,x078ae604,0.4761904762,0.5764075506,0.6721311475,0.09572359689999999,0.19594067130000004,0.6033000269878013,0.06883112051219875
2022,x080acb8f,0.5514705882,0.4792799108,0.4184397163,0.0608401945,0.13303087189999996,0.4683882863086968,0.04994857000869679
2021,x08acbf9e,0.3738317757,0.3981788849,0.4666666667,0.06848778180000004,0.09283489100000003,0.43694706122520266,0.02971960547479735
2018,x08f80cc1,0.6157894737,0.6255882665,0.5864661654,0.03912210110000003,0.029323308300000073,0.6008580936535495,0.014391928253549513
2017,x099c6f00,0.4045454545,0.41834911,0.4868421053,0.06849299529999997,0.08229665079999998,0.4659746990910918,0.0208674062089082
2021,x0a128cc1,0.5555555556,0.5478824686,0.6267281106,0.078845642,0.07117255499999997,0.5619399777319742,0.06478813286802576
2018,x0ab7fdb0,0.4833333333,0.5707437303,0.7006369427,0.12989321239999996,0.2173036094,0.5952385340686277,0.10539840863137229
2022,x0b68b81e,0.4834437086,0.492184519,0.6775700935,0.18538557449999998,0.19412638489999995,0.5397502450999561,0.1378198484000439
2018,x0c057c07,0.487394958,0.5038732961,0.4834437086,0.020429587499999957,0.003951249399999968,0.5265266164611901,0.04308290786119012
2023,x0c97a56c,0.4867256637,0.4510433568,0.5360824742,0.08503911739999997,0.049356810500000015,0.521870640926311,0.014211833273689023
2023,x0cfd1ef7,0.6169354839,0.6314239502,0.6402877698,0.008863819600000045,0.023352285900000047,0.6458482557017398,0.005560485901739742
2021,x0de3a91b,0.4485294118,0.4818347482,0.5802469136,0.09841216540000003,0.13171750180000003,0.4682198865580762,0.1120270270419238
2017,x0e05b650,0.5446808511,0.5116626496,0.4962962963,0.015366353299999969,0.04838455479999998,0.5362162821874339,0.039919985887433895
2018,x0e15f9a2,0.5617977528,0.5969663041,0.8203125,0.22334619590000004,0.2585147472,0.5984590291880885,0.22185347081191154
2019,x0e2f8386,0.5309734513,0.5998589845,0.5431034483,0.056755536199999956,0.012129997000000059,0.574957386041083,0.03185393774108303
2017,x0e8fa15d,0.5978835979,0.5507971547,0.5563380282,0.005540873499999988,0.04154556970000001,0.5318422659626556,0.0244957622373444
2022,x0f43ab6a,0.6546391753,0.6451898555,0.4434782609,0.2017115946,0.21116091440000007,0.630602309579162,0.187124048679162
2017,x105f44f4,0.6850828729,0.6588399898,0.5675675676,0.09127242219999998,0.11751530529999998,0.5658848323864074,0.0016827352135926343
2019,x117b1cf6,0.6206896552,0.6254857557,0.5867768595,0.038708896199999954,0.03391279569999994,0.5419042462831065,0.04487261321689351
2023,x12e5250f,0.5714285714,0.6013134548,0.5766423358,0.024671118999999964,0.005213764399999987,0.6401809737807174,0.06353863798071735
2019,x12fbf907,0.6,0.4989859581,0.5185185185,0.019532560399999954,0.08148148150000001,0.4945125381006097,0.02400598039939028
2023,x12fbf907,0.42,0.4153201675,0.6129032258,0.1975830583,0.19290322580000002,0.4578941560795027,0.15500906972049733
2017,x1329bd29,0.7256637168,0.6524592037,0.432,0.2204592037,0.2936637168,0.5959663204772347,0.16396632047723475
2017,x14294401,0.4741784038,0.4981253897,0.4888888889,0.009236500799999992,0.014710485100000004,0.5018732779528303,0.012984389052830336
2023,x16aa43b9,0.7313432836,0.7064433311,0.8511904762,0.14474714509999997,0.11984719259999999,0.6729743207093275,0.1782161554906725
2022,x175cc280,0.4256756757,0.4349930222,0.5923076923,0.1573146701,0.16663201660000004,0.45656504165608247,0.13574265064391755
2019,x184f73ca,0.55,0.5906048168,0.616,0.025395183200000004,0.06599999999999995,0.5791890625975444,0.03681093740245556
2021,x186c85f9,0.8275862069,0.792795247,0.5365853659,0.2562098811,0.2910008409999999,0.6806070010831888,0.14402163518318878
2021,x18aa5a43,0.3418803419,0.391806252,0.4670050761,0.0751988241,0.12512473420000003,0.49678715040384525,0.02978207430384522
2022,x18aa5a43,0.4791666667,0.464855353,0.5480225989,0.08316724590000002,0.06885593220000003,0.4515917148938762,0.09643088400612387
2017,x1a144c53,0.4838709677,0.5107957339,0.5185185185,0.007722784599999977,0.03464755079999998,0.5266366498119215,0.008118131311921517
2018,x1a6ebaea,0.4189944134,0.4041447133,0.2847682119,0.1193765014,0.13422620149999998,0.41683589676522814,0.13206768486522813
2019,x1adaddcf,0.5947712418,0.4974417094,0.475308642,0.022133067399999984,0.11946259979999996,0.5031121518880735,0.027803509888073452
2017,x1b092aba,0.5384615385,0.532002017,0.6101694915,0.07816747449999994,0.07170795299999999,0.510438132792892,0.09973135870710803
2018,x1bf65e21,0.3939393939,0.3793152318,0.3333333333,0.04598189850000001,0.06060606060000001,0.4409006839452356,0.10756735064523565
2019,x1ce1f94b,0.6527196653,0.6550988872,0.5410958904,0.11400299680000003,0.11162377490000008,0.6073699786738391,0.06627408827383918
2022,x1cf3cf30,0.4552845528,0.442289554,0.5034482759,0.06115872189999999,0.048163723099999944,0.5115442146925275,0.008095938792527568
2017,x1d8ccca5,0.7419354839,0.6611569805,0.5828220859,0.0783348946000001,0.15911339800000002,0.633657563017298,0.05083547711729808
2022,x1f99f287,0.8484848485,0.7982036706,0.8872180451,0.08901437450000005,0.038733196599999964,0.6845392562834522,0.20267878881654777
2018,x20badee9,0.5612903226,0.5888109269,0.5465838509,0.042227076000000086,0.014706471700000057,0.5819112427888111,0.03532739188881118
2022,x233644a1,0.6553672316,0.6712544328,0.4912280702,0.1800263626,0.1641391614,0.6099126893626767,0.11868461916267675
2018,x236fea72,0.3835616438,0.4059866552,0.4285714286,0.022584773400000036,0.04500978480000001,0.43239925490801845,0.0038278263080184227
2023,x23e469bb,0.5158730159,0.4628341009,0.3846153846,0.07821871629999999,0.1312576313,0.4841931555333723,0.09957777093337228
2017,x24558688,0.8415841584,0.7391760798,0.6764705882,0.06270549160000005,0.16511357020000006,0.6698645076026022,0.0066060805973977565
2022,x247225c4,0.8640776699,0.7906432661,0.6551724138,0.1354708523,0.2089052561,0.6850736645914122,0.02990125079141215
2018,x25076bc2,0.5298507463,0.5296313727,0.461038961,0.06859241170000002,0.06881178529999993,0.5448915411760744,0.08385258017607439
2023,x2550109f,0.426035503,0.4235745944,0.5411764706,0.11760187619999996,0.11514096759999998,0.44211585831345346,0.0990606122865465
2019,x25b65d9d,0.496,0.5101097412,0.5344827586,0.024373017400000085,0.038482758600000055,0.5229990526291584,0.011483705970841696
2019,x26f14147,0.564516129,0.5794300366,0.5272727273,0.052157309300000065,0.03724340170000007,0.5721604327010343,0.04488770540103437
2019,x277ee019,0.5683060109,0.6478860157,0.5757575758,0.07212843990000006,0.007451564899999985,0.5966448589831614,0.020887283183161465
2019,x280942a1,0.4224137931,0.4832041839,0.5045045045,0.021300320599999978,0.08209071139999996,0.5372820014193973,0.03277749691939735
2019,x284af714,0.6899563319,0.6776462205,0.7267080745,0.04906185399999996,0.036751742599999915,0.6213469648048502,0.10536110969514978
2022,x2b4262bd,0.6030534351,0.5956332374,0.6696428571,0.07400961970000008,0.06658942200000006,0.586164619317195,0.08347823778280505
2023,x2ccbd150,0.5879120879,0.6653105348,0.578125,0.08718553480000002,0.009787087900000047,0.60954658829999,0.03142158829998998
2017,x2ce21717,0.7150837989,0.7490403159,0.6855345912,0.06350572469999993,0.029549207699999913,0.6601557706014045,0.02537882059859553
2017,x2e490383,0.6291390728,0.5484567604,0.6556291391,0.10717237869999996,0.026490066299999948,0.5604085613912968,0.09522057770870318
2023,x3230ca98,0.664,0.6266055298,0.6850828729,0.05847734310000008,0.021082872899999994,0.5689457845487222,0.11613708835127778
2023,x323c669f,0.6722222222,0.6740977817,0.5371428571,0.13695492460000003,0.13507936510000007,0.6321896204396857,0.09504676333968576
2022,x34a32cb8,0.6767676768,0.6710825448,0.4225352113,0.24854733349999997,0.25423246550000006,0.5835583051444626,0.16102309384446262
2023,x34a32cb8,0.4825174825,0.5374434678,0.5185185185,0.018924949299999994,0.036001035999999986,0.5298600492121697,0.0113415307121697
2018,x357d82e5,0.6101694915,0.5388526701,0.6068376068,0.06798493669999994,0.0033318847000000096,0.5900244736144913,0.0168131331855087
2017,x359ab4d5,0.6083916084,0.5802937221,0.6369863014,0.056692579300000046,0.02859469300000006,0.5803661421877617,0.056620159212238286
2017,x36769c31,0.5539215686,0.5674562641,0.502994012,0.0644622521,0.050927556599999924,0.5593351393313775,0.056341127331377416
2018,x367fb7f9,0.4259259259,0.4217351278,0.4113475177,0.0103876101,0.014578408200000004,0.528109287624499,0.11676176992449905
2023,x367fb7f9,0.6372093023,0.6129973656,0.4598540146,0.15314335099999993,0.17735528769999992,0.602184905470903,0.14233089087090295
2022,x38f28a2a,0.7218543046,0.7245971478,0.6052631579,0.11933398989999999,0.11659114670000004,0.6679509048810459,0.06268774698104596
2023,x38f28a2a,0.7423312883,0.7604813839,0.5398773006,0.22060408329999992,0.2024539876999999,0.603545995196864,0.06366869459686397
2022,x3982647c,0.6614583333,0.5946911971,0.7264150943,0.1317238972,0.06495676099999992,0.5735431048197874,0.15287198948021252
2017,x39d7d62d,0.5767195767,0.5536036819,0.4928571429,0.06074653899999999,0.08386243379999997,0.49017401736474575,0.0026831255352542382
2023,x39f7cd53,0.4787878788,0.4371361935,0.4339622642,0.003173929299999989,0.04482561460000001,0.4577876524966218,0.023825388296621786
2018,x3a6ddc32,0.3333333333,0.4176746059,0.4016393443,0.016035261600000017,0.068306011,0.45818224529665663,0.05654290099665665
2019,x3a71ec79,0.6804733728,0.6334419928,0.6982758621,0.06483386930000001,0.017802489300000057,0.6253765606772816,0.07289930142271839
2021,x3a937a19,0.6534653465,0.6282095201,0.5859375,0.042272020099999974,0.06752784649999999,0.5984192767297127,0.012481776729712735
2019,x3aba4aaf,0.4691358025,0.4470066494,0.5125628141,0.06555616470000003,0.043427011600000065,0.5028803896175482,0.009682424482451824
2022,x3beb56a4,0.5620437956,0.5836450619,0.691588785,0.1079437231,0.12954498940000003,0.5887457771478264,0.1028430078521736
2017,x3c899258,0.4637681159,0.5013224837,0.625,0.12367751630000001,0.1612318841,0.5026550926399409,0.1223449073600591
2017,x3ce3a50e,0.3495145631,0.3480749408,0.3700787402,0.022003799399999968,0.02056417709999997,0.44218916220686033,0.07211042200686035
2023,x3ce3a50e,0.5561497326,0.5881978407,0.5288461538,0.059351686900000034,0.027303578800000006,0.6135840046102796,0.08473785081027962
2019,x3cfe5929,0.5586206897,0.5315530711,0.5416666667,0.010113595599999914,0.01695402300000004,0.5163408563996637,0.025325810300336316
2018,x3d468103,0.5497076023,0.5344594766,0.6724137931,0.1379543165,0.1227061908,0.5313747595916727,0.14103903350832736
2017,x3da975d8,0.7117647059,0.672688473,0.7786885246,0.10600005160000003,0.06692381870000008,0.6566397501660681,0.12204877443393192
2017,x3dc19055,0.5393258427,0.5160699051,0.5677419355,0.05167203040000001,0.028416092800000015,0.550716594736226,0.017025340763773933
2023,x3deb6f3a,0.5486725664,0.5199404354,0.5177304965,0.002209938899999986,0.030942069899999924,0.5552351395431447,0.037504643043144714
2022,x3ea2fc16,0.344,0.4164582825,0.3039215686,0.11253671389999997,0.04007843139999995,0.4714365229111763,0.1675149543111763
2018,x3f3ce04e,0.3417721519,0.3813001415,0.4016393443,0.020339202799999956,0.05986719239999999,0.4444464572881852,0.042807112988185236
2017,x3f4a1372,0.6111111111,0.5797501552,0.4812834225,0.09846673269999995,0.12982768860000005,0.5875836221229278,0.1063001996229278
2021,x40ed2680,0.4152542373,0.4406081054,0.367816092,0.07279201340000002,0.04743814530000001,0.48584332530264795,0.11802723330264797
2022,x40ed2680,0.3529411765,0.4155295877,0.4435483871,0.028018799400000016,0.09060721059999999,0.491856720162934,0.04830833306293403
2018,x41635065,0.5871559633,0.6025128146,0.6058394161,0.0033266015000000815,0.018683452800000055,0.5443119451924421,0.061527470907557946
2019,x41635065,0.775,0.7473565674,0.7898550725,0.04249850509999997,0.014855072499999955,0.6414547039366987,0.1484003685633013
2018,x43a7efbf,0.7807486631,0.7700495592,0.6129032258,0.15714633339999995,0.1678454373,0.6750023114114665,0.06209908561146649
2023,x45f119fc,0.5868263473,0.5866327343,0.5487804878,0.037852246499999964,0.03804585950000006,0.587784340055375,0.03900385225537506
2017,x46a52984,0.4482758621,0.4421431443,0.3563218391,0.08582130520000003,0.091954023,0.4527726934776233,0.0964508543776233
2023,x48e2234e,1.093220339,1.0150698646,0.8114754098,0.20359445480000005,0.28174492919999994,0.8368959817403017,0.025420571940301673
2017,x48f113e0,0.7045454545,0.7551382238,0.6153846154,0.13975360839999995,0.08916083909999994,0.6823402597520314,0.06695564435203138
2023,x48f7ce3c,0.4812030075,0.4564653268,0.5413533835,0.08488805669999994,0.06015037599999995,0.5062759609121592,0.035077422587840745
2023,x496ec3d4,0.8253012048,0.8214907359,0.6394557823,0.1820349536,0.18584542250000002,0.6996780634298148,0.06022228112981476
2019,x4a44365a,0.8175675676,0.7639622044,0.6220472441,0.14191496029999995,0.19552032350000004,0.646496683068488,0.024449438968487947
2019,x4b4cb8ca,0.472392638,0.4829017312,0.5775862069,0.09468447569999994,0.10519356889999998,0.5409905278963691,0.03659567900363081
2021,x4c1af6d3,0.4193548387,0.4527294405,0.5852272727,0.13249783219999994,0.16587243399999996,0.5045213539097677,0.08070591879023226
2022,x4c272dc2,0.5882352941,0.5347479876,0.4277108434,0.10703714419999999,0.1605244507,0.5524561144712052,0.12474527107120525
2023,x4e022457,0.6358381503,0.6202399634,0.6464088398,0.026168876399999985,0.010570689499999952,0.5791344142128061,0.06727442558719388
2023,x4ed0094d,0.5272727273,0.5117237785,0.5081967213,0.0035270571999999056,0.019076005999999923,0.5258984994244713,0.017701778124471268
2017,x4fca3fbb,0.6077348066,0.6302899946,0.5514705882,0.07881940640000007,0.056264218400000066,0.5749665299788589,0.023495941778858942
2017,x502b37ca,0.6261682243,0.5793229575,0.5517241379,0.02759881959999999,0.0744440864,0.5702173516660576,0.018493213766057615
2022,x502b37ca,0.6582278481,0.6798926245,0.7078651685,0.027972544000000044,0.04963732040000002,0.6205423375833838,0.08732283091661619
2017,x50cc1a2d,0.4344262295,0.4793531387,0.7783505155,0.2989973768,0.343924286,0.507603641054871,0.270746874445129
2023,x515484da,0.5576923077,0.6210592221,0.4649122807,0.15614694139999996,0.09278002699999999,0.5764685948752319,0.11155631417523193
2023,x52adf319,0.3853211009,0.3656079004,0.4150943396,0.049486439199999954,0.029773238699999982,0.41463998434375426,0.0004543552562457087
2017,x540830e0,0.4934210526,0.4796025126,0.4184782609,0.061124251699999965,0.07494279170000001,0.44961182947922396,0.031133568579223947
2017,x54cd3e5f,0.4181818182,0.4455657497,0.5753424658,0.12977671610000002,0.15716064760000004,0.46905280479332845,0.10628966100667159
2022,x54d8b016,0.5159235669,0.4929271139,0.5466666667,0.05373955279999998,0.030743099800000007,0.480799300315244,0.06586736638475599
2019,x556286af,0.6637168142,0.7014419421,0.5699481865,0.13149375559999998,0.09376862769999994,0.6353943469366925,0.06544616043669249
2019,x556315b0,0.4102564103,0.4279101249,0.4069767442,0.020933380700000004,0.003279666099999967,0.451908964625126,0.04493222042512596
2021,x558f9ce7,0.5619047619,0.5531279428,0.6335403727,0.08041242989999997,0.07163561079999992,0.5659653195549499,0.06757505314505008
2017,x559cb54e,0.6753926702,0.7590569301,0.5739130435,0.18514388659999992,0.10147962669999999,0.7278311905554826,0.15391814705548257
2023,x59c09c41,0.7321428571,0.6779259273,0.5621301775,0.11579574979999996,0.1700126796,0.6696025651649986,0.10747238766499856
2017,x59cf9ca4,0.6432748538,0.600427728,0.4035087719,0.1969189561,0.23976608190000004,0.5712635394077026,0.16775476750770257
2018,x59cf9ca4,0.5405405405,0.558474319,0.4621848739,0.09628944509999998,0.07835566659999998,0.5640077726394104,0.10182289873941036
2023,x59e58eed,0.6580310881,0.6392680351,0.7272727273,0.08800469220000007,0.06924163920000004,0.6314461794756561,0.09582654782434397
2019,x59e63b08,0.5369127517,0.5925164959,0.7630057803,0.1704892844,0.22609302860000002,0.586103636980452,0.176902143319548
2017,x5b2ea6c8,0.52,0.50700143,0.4324324324,0.07456899759999996,0.08756756760000001,0.5019297976825676,0.06949736528256761
2021,x5be16c22,0.5950413223,0.550633328,0.648,0.09736667200000004,0.05295867770000007,0.5510667461216894,0.09693325387831064
2023,x5c636278,0.6036585366,0.5621891487,0.4490740741,0.11311507460000003,0.15458446250000002,0.5554232800127465,0.10634920591274655
2022,x5d3c8c62,0.5083333333,0.5289222717,0.5649717514,0.03604947970000005,0.05663841810000003,0.5314631664048335,0.03350858499516651
2023,x5d3c8c62,0.5696202532,0.6106875456,0.5492957746,0.06139177100000004,0.020324478599999973,0.6030016404048322,0.053705865804832165
2022,x5f0f9b14,0.5891891892,0.5717595281,0.5689655172,0.002794010899999977,0.02022367199999997,0.5711210607880748,0.002155543588074793
2021,x60ed8f81,0.4405594406,0.4426825997,0.5374449339,0.09476233420000002,0.09688549330000001,0.49454892673539597,0.042896007164604066
2022,x60ed8f81,0.4385026738,0.5078199254,0.4174757282,0.09034419719999998,0.021026945600000013,0.5055030075567117,0.08802727935671173
2023,x60ed8f81,0.5899280576,0.5185541935,0.5,0.018554193499999982,0.0899280576,0.5669888924602464,0.06698889246024642
2022,x6276b5a5,0.5666666667,0.5691144816,0.3734177215,0.19569676009999998,0.19324894519999997,0.5940440316761659,0.2206263101761659
2018,x630d1265,0.7032967033,0.7113826877,0.5178571429,0.19352554480000006,0.1854395604000001,0.6516501309943283,0.13379298809432838
2019,x64ea0c13,0.7058823529,0.6652096019,0.7193877551,0.05417815319999997,0.01350540219999996,0.6119905961387122,0.10739715896128776
2017,x654c0ae1,0.4594594595,0.4867723826,0.6101694915,0.1233971089,0.150710032,0.5367171680331921,0.07345232346680786
2023,x6627e23d,0.6433121019,0.6236877441,0.7933884298,0.16970068569999996,0.15007632790000003,0.6092158289867609,0.18417260081323916
2019,x6635d446,0.8855421687,0.9080010839,0.8211382114,0.08686287250000002,0.06440395730000004,0.770405383340556,0.05073282805944401
2022,x67587462,0.6564102564,0.6067914523,0.5336787565,0.07311269580000002,0.12273149989999999,0.5861955285438238,0.05251677204382388
2023,x67587462,0.6443298969,0.5877132612,0.7419354839,0.15422222269999997,0.097605587,0.6030488742007343,0.1388866096992657
2018,x68067176,0.4631578947,0.5589883905,0.5846153846,0.02562699409999991,0.12145748989999994,0.5987271307614499,0.014111746161449945
2019,x6b206e8b,0.7300613497,0.7364813682,0.7016129032,0.03486846499999996,0.028448446500000002,0.6798185617713877,0.021794341428612363
2021,x6b206e8b,0.7352941176,0.741837595,0.5705521472,0.1712854478,0.16474197039999994,0.6719540439561626,0.10140189675616262
2022,x6b206e8b,0.7243589744,0.7219450535,0.5853658537,0.1365791998,0.13899312069999992,0.6780823837006853,0.09271653000068525
2019,x6d698a7c,0.5206185567,0.5492156511,0.6666666667,0.11745101559999993,0.14604810999999995,0.5707686593871077,0.09589800731289222
2018,x6dc398d3,0.4417475728,0.449366338,0.3865546218,0.06281171619999998,0.05519295099999999,0.4770777272076998,0.09052310540769981
2023,x6f5db222,0.6036036036,0.6282039333,0.5695364238,0.05866750949999999,0.03406717979999996,0.6173491906546751,0.04781276685467506
2023,x6fc1c4fb,0.6476190476,0.7120812552,0.7348484848,0.022767229599999994,0.08722943719999998,0.6944664342393967,0.04038205056060329
2019,x704244d0,0.6050955414,0.6501048386,0.6538461538,0.003741315199999984,0.048750612400000004,0.5884998879070693,0.06534626589293069
2019,x70b26d0d,0.687732342,0.6211992569,0.7073170732,0.08611781630000004,0.01958473120000004,0.5913763762266058,0.11594069697339426
2017,x717d3ff9,0.7007874016,0.6824674832,0.5,0.18246748319999995,0.20078740159999997,0.6554617577885793,0.1554617577885793
2023,x71aaf31c,0.6092715232,0.6445526729,0.4260869565,0.21846571639999995,0.1831845667,0.6259199122638606,0.19983295576386056
2018,x72b16883,0.4902723735,0.4993782489,0.4964539007,0.002924348199999982,0.006181527199999981,0.5518029652810839,0.05534906458108385
2023,x72fdf89c,0.6131386861,0.5296791244,0.4903846154,0.03929450899999998,0.1227540707,0.5890666341383444,0.09868201873834437
2019,x74afecfe,0.5153846154,0.4497542161,0.4936708861,0.04391666999999999,0.02171372930000004,0.528198192243444,0.034527306143444014
2022,x74b3dcb5,0.5934065934,0.6583605756,0.5982142857,0.06014628990000004,0.004807692299999999,0.6763134960168369,0.07809921031683686
2022,x75a51937,0.5608108108,0.5653238039,0.75,0.18467619609999997,0.18918918920000005,0.5605581921168472,0.1894418078831528
2023,x76fa7b0e,0.6995073892,0.6597950752,0.4795321637,0.1802629115,0.21997522549999998,0.6191545896662909,0.13962242596629088
2018,x772e8317,0.4971751412,0.4742098016,0.4260869565,0.04812284509999998,0.0710881847,0.47375373412621613,0.04766677762621613
2017,x77ac2b16,0.6219512195,0.5870713955,0.5769230769,0.010148318599999984,0.04502814259999999,0.5915009594617704,0.014577882561770394
2019,x77d682dc,0.4411764706,0.4465410195,0.5224719101,0.07593089060000002,0.08129543950000007,0.446682093758195,0.07578981634180504
2023,x787c164c,0.8120300752,0.7967226416,0.8712871287,0.07456448710000008,0.05925705349999999,0.7088510092327969,0.16243611946720315
2022,x78fa456b,0.56875,0.5460050106,0.5185185185,0.027486492099999982,0.05023148150000001,0.5336831582382917,0.01516463973829174
2019,x795a4dfb,0.6296296296,0.6176072862,0.5390625,0.07854478620000005,0.09056712960000002,0.5572870232900513,0.01822452329005131
2018,x79ff9508,0.4126984127,0.4337524535,0.3522727273,0.08147972620000005,0.06042568540000004,0.4689946358341093,0.1167219085341093
2017,x7a4b2e79,0.679389313,0.7021252581,0.3931623932,0.3089628649,0.28622691980000003,0.6255539776968124,0.2323915844968124
2018,x7af8a9c6,0.4516129032,0.4519933885,0.4926470588,0.0406536703,0.041034155599999955,0.49812907393339856,0.005482015133398577
2019,x7be2ba7f,0.7064676617,0.64984184,0.4450867052,0.20475513480000002,0.2613809565,0.5490699035279842,0.10398319832798425
2019,x7c4290a6,0.7912621359,0.8028080024,0.8991596639,0.09635166149999996,0.10789752799999996,0.7274205010941834,0.17173916280581658
2021,x7c472b21,0.5491803279,0.5003380385,0.4795918367,0.02074620180000003,0.06958849120000005,0.5044118412759477,0.02482000457594774
2019,x7d0c379b,0.6023622047,0.6057524794,0.7021276596,0.09637518020000002,0.0997654549,0.5731457804510196,0.1289818791489804
2019,x7d51d03b,0.7006802721,0.6455294032,0.9190751445,0.2735457413000001,0.2183948724000001,0.6554130631580648,0.26366208134193525
2022,x7d51d03b,0.5699481865,0.537271213,0.6717948718,0.13452365879999995,0.10184668529999996,0.5395932140170174,0.13220165778298254
2021,x7d715c5f,0.8018018018,0.7668701034,0.7368421053,0.030027998099999897,0.0649596965,0.6822758904714981,0.05456621482850199
2018,x7ded3151,0.4573643411,0.4707366589,0.5911949686,0.12045830969999999,0.13383062749999997,0.5435063877237152,0.0476885808762848
2022,x7ded3151,0.5555555556,0.5967965718,0.534591195,0.062205376800000045,0.020964360600000065,0.605849597103111,0.07125840210311107
2021,x7eb7d4a7,0.4705882353,0.4915816684,0.5896226415,0.09804097309999998,0.1190344062,0.5160896682354199,0.07353297326458008
2022,x7eb7d4a7,0.5789473684,0.5586940029,0.4695121951,0.08918180780000007,0.10943517330000008,0.5613699753221475,0.09185778022214752
2017,x80c69d17,0.4120879121,0.4048552461,0.6132596685,0.2084044224,0.2011717564,0.4458498539012652,0.16740981459873483
2018,x80c69d17,0.5035460993,0.5419065868,0.3532934132,0.18861317360000002,0.15025268610000003,0.5577740911144016,0.20448067791440155
2019,x80c69d17,0.5841121495,0.5606176073,0.4651162791,0.09550132820000001,0.11899587040000004,0.5412212193915771,0.0761049402915771
2019,x81223352,0.5380434783,0.5278809589,0.5416666667,0.013785707799999991,0.003623188399999977,0.5352033136661429,0.006463353033857033
2019,x823c8450,0.5644171779,0.5583210108,0.5046728972,0.05364811359999999,0.05974428070000004,0.5527382953530005,0.04806539815300048
2017,x8474ae1b,0.5286624204,0.5270028084,0.5704697987,0.04346699030000001,0.04180737830000003,0.5396642438100887,0.030805554889911324
2018,x8474ae1b,0.625,0.6237038506,0.5242718447,0.09943200590000001,0.10072815530000001,0.5857674418031387,0.06149559710313868
2021,x86dcf99b,0.49,0.4267876434,0.4041450777,0.022642565700000006,0.08585492229999997,0.36015067686375346,0.04399440083624656
2018,x8736737a,0.7142857143,0.6525484861,0.5337423313,0.11880615480000001,0.18054338299999995,0.6239501155933294,0.09020778429332932
2018,x8769acfc,0.4219653179,0.4574457069,0.3300970874,0.12734861950000004,0.09186823050000004,0.48186409217105286,0.15176700477105287
2018,x883c168f,0.5188679245,0.5209393771,0.593495935,0.07255655789999993,0.07462801050000001,0.5508214996095742,0.04267443539042581
2017,x886f21aa,0.4606741573,0.52261674,0.606557377,0.08394063699999998,0.1458832197,0.5328770280500787,0.07368034894992126
2019,x890500ff,0.8125,0.8475056817,0.5454545455,0.3020511361999999,0.26704545449999995,0.7133337305558314,0.16787918505583133
2021,x896315b3,0.8611111111,0.8797941561,0.7676767677,0.11211738839999996,0.09343434340000001,0.7232429798039579,0.04443378789604213
2019,x89797332,0.5033557047,0.4748977559,0.3720930233,0.1028047326,0.13126268140000003,0.480448340478528,0.10835531717852803
2018,x8a197ef1,0.6337209302,0.6564846482,0.6319444444,0.024540203799999993,0.001776485800000005,0.6250864683473623,0.006857976052637715
2017,x8c71ff41,0.7472527473,0.7724488646,0.63,0.14244886459999995,0.11725274730000002,0.6905743642785271,0.06057436427852714
2019,x8cac3d48,0.5167785235,0.5524034436,0.5379310345,0.014472409100000028,0.02115251100000004,0.561444900987313,0.023513866487313018
2022,x8cac3d48,0.7820512821,0.7606898577,0.7904191617,0.029729304000000067,0.008367879600000072,0.6595033492206603,0.1309158124793397
2023,x8ce2668b,0.7258064516,0.7171931728,0.5094339623,0.2077592104999999,0.21637248929999997,0.6915843698050264,0.1821504075050263
2017,x8ce829c8,0.4550561798,0.4808554489,0.5428571429,0.062001693999999996,0.08780096309999996,0.5014490911307359,0.0414080517692641
2018,x8f597196,0.4540540541,0.5028171024,0.6635514019,0.16073429949999996,0.20949734779999996,0.53551603684868,0.12803536505131996
2017,x8f88cc26,0.5196850394,0.4864128894,0.4086956522,0.07771723720000001,0.11098938720000001,0.5110242680136725,0.10232861581367253
2018,x8f88cc26,0.4838709677,0.502336256,0.474025974,0.028310281999999964,0.009844993699999971,0.49103861058388887,0.01701263658388885
2019,x8f8ab5af,0.9152542373,0.8831891205,0.66,0.22318912049999995,0.25525423729999996,0.7462479414315872,0.0862479414315872
2022,x8fb69e9a,0.5769230769,0.6248961229,0.5460526316,0.07884349130000001,0.03087044530000005,0.547270888658776,0.0012182570587760955
2017,x90acae08,0.5671641791,0.5303242242,0.5405405405,0.010216316299999972,0.026623638600000055,0.5616996538338785,0.021159113333878543
2023,x90acae08,0.5827338129,0.599492025,0.7280701754,0.12857815039999998,0.14533636249999993,0.6226219217108646,0.10544825368913535
2018,x911fc945,0.5595238095,0.5615677152,0.7593984962,0.19783078099999996,0.19987468669999997,0.5796897165907797,0.17970877960922027
2018,x91ee997a,0.5555555556,0.6184070064,0.7083333333,0.08992632690000002,0.1527777777,0.5596029389118087,0.14873039438819136
2022,x9460924b,0.5789473684,0.6268202129,0.5491803279,0.07763988499999996,0.029767040500000008,0.5872874047966903,0.03810707689669024
2022,x950400a0,0.6324786325,0.5912672516,0.5583333333,0.03293391830000003,0.07414529920000001,0.5808434655521566,0.02251013225215659
2018,x95f31889,0.5094339623,0.4838615633,0.7459016393,0.26204007599999996,0.23646767699999993,0.5408892706250974,0.20501236867490258
2018,x9662aa83,0.7338709677,0.7169604148,0.7540983607,0.03713794590000008,0.020227392999999982,0.6913379923400242,0.06276036835997578
2018,x969646e0,0.527607362,0.4737804857,0.6153846154,0.14160412970000003,0.08777725339999998,0.5533903613846718,0.06199425401532821
2022,x96e64f9f,0.5562913907,0.5474200722,0.4592592593,0.0881608129,0.0970321314,0.5460120505388897,0.08675279123888968
2023,x987b5e85,0.9135802469,0.8919844451,0.7961165049,0.0958679402,0.11746374199999998,0.765584565194148,0.030531939705851996
2017,x98e101a1,0.3434343434,0.4140819973,0.6927374302,0.2786554329,0.3493030868,0.46772757720017566,0.22500985299982434
2017,x9a42eb96,0.525,0.5159980774,0.5820895522,0.0660914748,0.057089552200000004,0.5314757227198683,0.05061382948013171
2019,x9aa0e83c,0.8392857143,0.8352086885,0.6465517241,0.18865696440000002,0.19273399020000004,0.6964923743339142,0.04994065023391425
2022,x9ab1a11b,0.4678362573,0.4833715785,0.475177305,0.008194273500000016,0.007341047699999992,0.5646973002653564,0.08951999526535637
2018,x9ce3b7a9,0.6727272727,0.6741803256,0.5181818182,0.15599850739999999,0.1545454545,0.634144973587853,0.11596315538785307
2017,x9d559f42,0.4475524476,0.4176222261,0.4451612903,0.02753906420000002,0.002391157300000002,0.4658805486478137,0.020719258347813685
2018,x9d559f42,0.6363636364,0.5413352436,0.4387096774,0.10262556619999996,0.19765395900000005,0.5272202243919288,0.08851054699192884
2017,x9df6a625,0.4965517241,0.5204253098,0.5145631068,0.005862203000000066,0.018011382699999967,0.5421553765232918,0.027592269723291873
2019,x9e4eaf8f,0.652892562,0.6187901142,0.683908046,0.06511793180000003,0.031015483999999982,0.612768809857954,0.07113923614204598
2018,x9ebbaacf,0.6,0.5266402588,0.4026845638,0.12395569499999998,0.19731543619999997,0.5956350048560317,0.1929504410560317
2017,x9f0c98fd,0.5950920245,0.5441113805,0.75,0.20588861950000004,0.15490797550000002,0.5779298294851429,0.17207017051485707
2018,x9ff2ab1c,0.6075949367,0.5662746188,0.5874125874,0.021137968600000057,0.020182349299999958,0.5327415492949648,0.05467103810503526
2023,xa06550d2,0.7857142857,0.7288221632,0.5742574257,0.1545647375,0.21145685999999997,0.6527698236137365,0.07851239791373643
2023,xa15f4112,0.6624203822,0.6710537467,0.8263888889,0.1553351422,0.16396850669999996,0.6730999323253481,0.1532889565746518
2018,xa2391a1b,0.6859504132,0.6530697405,0.522875817,0.13019392350000003,0.1630745962000001,0.6075948748460487,0.08471905784604872
2018,xa463e9dd,0.4680851064,0.5205891927,0.475177305,0.04541188770000004,0.007092198599999988,0.5316518191948578,0.05647451419485783
2021,xa463e9dd,0.609375,0.6051856279,0.3863636364,0.21882199149999998,0.2230113636,0.5171713957597373,0.13080775935973726
2023,xa47c9852,0.8440366972,0.7944388433,0.7401574803,0.05428136300000008,0.10387921690000002,0.7643526701190382,0.024195189819038232
2021,xa4d15324,0.787037037,0.7138594168,0.8409090909,0.1270496741,0.05387205389999994,0.6548333961545882,0.18607569474541175
2023,xa5459725,0.6329113924,0.6747524889,0.5407407407,0.13401174819999995,0.09217065170000005,0.650997458187188,0.11025671748718802
2023,xa58dc262,0.6639344262,0.6527716215,0.7745098039,0.1217381824,0.11057537770000003,0.6636254300138411,0.1108843738861589
2017,xa5fc39e9,0.703030303,0.6883601333,0.5746268657,0.11373326760000002,0.12840343730000003,0.6079647446280099,0.03333787892800988
2019,xa61b2077,0.7658536585,0.7202450636,0.7739130435,0.05366797990000005,0.00805938500000003,0.6658455195614454,0.10806752393855457
2021,xa61b2077,0.7633587786,0.7814328725,0.6446700508,0.1367628217000001,0.11868872780000006,0.6474658318617124,0.00279578106171241
2018,xa6bbcfce,0.6323529412,0.6270857418,0.6440677966,0.016982054800000035,0.011714855400000057,0.595178050561767,0.04888974603823304
2023,xa6f07229,0.7821782178,0.8017230648,0.7407407407,0.06098232410000004,0.04143747710000001,0.7360266904646497,0.004714050235350209
2019,xa80b825e,1.0714285714,1.0066588266,0.8220338983,0.1846249283000001,0.24939467310000007,0.7881286310399354,0.0339052672600646
2023,xa95999e5,0.4802259887,0.4854548395,0.5044247788,0.018969939300000016,0.024198790100000034,0.48222294823434986,0.02220183056565017
2017,xab6a7ab2,0.4912280702,0.4819416247,0.3142857143,0.1676559104,0.17694235589999996,0.5351389091601497,0.2208531948601497
2018,xab6a7ab2,0.5098039216,0.5359909207,0.4645669291,0.07142399159999996,0.04523699249999996,0.5405366942054073,0.07596976510540726
2017,xab74c751,0.7085020243,0.7608925514,0.8148148148,0.05392226339999995,0.10631279049999998,0.6772322575118395,0.1375825572881605
2018,xac3bf6a5,0.6014492754,0.6019269418,0.5196078431,0.08231909869999998,0.08184143230000007,0.5852136538744652,0.06560581077446526
2022,xac54d3f6,0.5562130178,0.6036324134,0.7090909091,0.1054584957000001,0.15287789130000007,0.5875003643868713,0.1215905447131288
2021,xadcd6e9b,0.5670103093,0.5755920017,0.4630872483,0.11250475340000005,0.10392306099999998,0.561941013359089,0.098853765059089
2023,xae07e136,0.3777777778,0.4387488895,0.4407894737,0.002040584199999973,0.0630116959,0.47812135508343623,0.03733188138343624
2022,xaf76e643,0.5950413223,0.4982560843,0.375,0.12325608430000001,0.22004132229999995,0.5055984675419314,0.13059846754193138
2021,xb0ac3991,0.5703703704,0.4816643044,0.3356643357,0.14599996870000004,0.23470603470000007,0.49836837082227703,0.16270403512227705
2017,xb105a89c,0.6324324324,0.6791807432,0.9064748201,0.22729407690000003,0.2740423877,0.6755213787546257,0.23095344134537432
2022,xb1150898,0.5578231293,0.6309049438,0.5384615385,0.09244340529999995,0.019361590799999995,0.5789364777596884,0.04047493925968837
2023,xb1150898,0.7569060773,0.7571876484,0.7615384615,0.004350813100000073,0.004632384200000006,0.6729190480231981,0.08861941347680191
2023,xb1562a37,0.41,0.4840099335,0.5086206897,0.024610756199999972,0.09862068969999999,0.47862544362193304,0.029995246078066917
2022,xb2049a30,0.612745098,0.5785936842,0.7048192771,0.12622559290000002,0.09207417910000004,0.5542768594502334,0.1505424176497666
2023,xb20d26e2,0.4880952381,0.4991485959,0.5035971223,0.004448526399999986,0.015501884199999982,0.5114215651858114,0.007824442885811411
2022,xb225c1ef,0.572815534,0.5355970883,0.4237288136,0.11186827469999999,0.14908672039999998,0.5212611763421222,0.09753236274212224
2022,xb2c9be49,0.6417910448,0.6131305979,0.7043478261,0.0912172282,0.06255678129999998,0.6008998108747772,0.10344801522522284
2023,xb30518f7,0.5547445255,0.5929986439,0.7810218978,0.18802325389999996,0.2262773723,0.6037662114399485,0.1772556863600515
2019,xb3a71b0d,0.6634615385,0.613762232,0.6462585034,0.0324962714,0.017203035099999986,0.5988638437718841,0.047394659628115954
2023,xb4417992,0.7875647668,0.7762558695,0.6074074074,0.16884846210000004,0.1801573594,0.6599765138448266,0.0525691064448266
2021,xb4cd3855,0.8181818182,0.8223910476,0.615942029,0.2064490186000001,0.20223978920000008,0.6794579874756721,0.06351595847567215
2018,xb4e1aa63,0.5934065934,0.5424389682,0.6220472441,0.07960827589999997,0.028640650699999992,0.5648779310942658,0.057169313005734246
2018,xb5023209,0.45,0.4554762099,0.4071428571,0.04833335280000001,0.042857142900000034,0.48058644038598075,0.07344358328598077
2019,xb5023209,0.5253164557,0.5563890481,0.4195804196,0.13680862850000003,0.10573603609999999,0.5058235269588209,0.08624310735882096
2017,xb528f12e,0.6775956284,0.6871536338,0.7919075145,0.10475388069999991,0.11431188609999998,0.6307099728018883,0.16119754169811162
2019,xb5d37e93,0.6436781609,0.6092801149,0.6695652174,0.060285102499999965,0.025887056500000005,0.5519687629678174,0.11759645443218258
2022,xb64ba125,0.768,0.6955961914,0.701754386,0.0061581946,0.06624561400000006,0.6158480879398436,0.08590629806015637
2019,xb71afe51,0.5793103448,0.6048731311,0.488372093,0.11650103809999995,0.09093825179999998,0.5743892856409829,0.0860171926409829
2018,xb75e9736,0.6946107784,0.6500287998,0.7647058824,0.11467708260000009,0.07009510400000007,0.5967825076439759,0.16792337475602415
2022,xb799a1af,0.7218045113,0.7765031399,0.5,0.2765031399,0.2218045113,0.6802649094020534,0.18026490940205342
2023,xb799a1af,0.5029239766,0.5441336827,0.6274509804,0.08331729770000007,0.12452700380000004,0.5425315592751296,0.08491942112487039
2023,xb7a1c139,0.5474452555,0.5385893105,0.5912408759,0.05265156539999993,0.04379562039999996,0.5713482353529251,0.019892640547074847
2017,xb96dc32c,0.48,0.5156959025,0.4680851064,0.047610796099999964,0.011914893599999976,0.5227604251957203,0.054675318795720296
2017,xb9c00d51,0.5646258503,0.6085332754,0.453125,0.15540827540000002,0.11150085030000001,0.5765124765896115,0.12338747658961147
2022,xba6752eb,0.68,0.6507819366,0.7339449541,0.08316301749999999,0.0539449541,0.6007710415231564,0.13317391257684363
2023,xbbd33d11,0.5169491525,0.4538343397,0.4632352941,0.009400954399999994,0.05371385839999998,0.45931075024361334,0.003924543856386631
2018,xbc09a705,0.5409090909,0.548670682,0.671875,0.12320431799999998,0.13096590910000006,0.5528015074528181,0.11907349254718191
2017,xbcf8ee3d,0.4117647059,0.4930126863,0.5842696629,0.09125697660000004,0.17250495700000001,0.5348645856944643,0.049405077205535775
2018,xbd2036ee,0.5024875622,0.5248837447,0.4580645161,0.0668192286,0.04442304610000003,0.5502011931727537,0.09213667707275375
2017,xbed99798,0.4873096447,0.5390920494,0.3235294118,0.2155626376,0.1637802329,0.5369588302974808,0.21342941849748082
2019,xbf42c16d,0.515625,0.5997467041,0.5517241379,0.048022566200000005,0.03609913789999997,0.5797592238274749,0.028035085927474945
2017,xc1ec06e6,0.5615384615,0.5893464309,0.525,0.06434643090000003,0.03653846149999995,0.5458165707814384,0.020816570781438393
2021,xc2aa610e,0.4545454545,0.537488764,0.4651162791,0.07237248490000003,0.010570824599999973,0.5563176025109318,0.09120132341093179
2019,xc4164f0b,0.5878787879,0.5781267571,0.4598540146,0.11827274250000003,0.1280247733,0.5396448916759784,0.07979087707597837
2022,xc727c40d,0.6968085106,0.6508276919,0.6857142857,0.03488659380000003,0.011094224900000005,0.5525206510555929,0.13319363464440714
2022,xc8583344,0.6766467066,0.6477863061,0.6153846154,0.032401690699999985,0.061262091200000035,0.6093764045109982,0.00600821088900183
2021,xc9a6fc5b,0.6893203883,0.7507197556,0.7027027027,0.04801705290000002,0.01338231440000004,0.7084243929462577,0.005721690246257682
2017,xca8738af,0.3959390863,0.46575463,0.6089385475,0.14318391749999998,0.21299946119999996,0.5195540162261612,0.08938453127383883
2023,xca8738af,0.5603864734,0.5702508751,0.455,0.11525087510000004,0.10538647340000001,0.5489269899874998,0.09392698998749976
2019,xcaee55ea,0.4623655914,0.4321315314,0.431372549,0.0007589823999999967,0.030993042400000004,0.47095432137974846,0.03958177237974847
2019,xcb090aee,0.7443609023,0.7013386891,0.7350993377,0.033760648600000054,0.009261564599999939,0.6507028657596674,0.08439647194033262
2019,xcca0fd0e,0.3834586466,0.379065951,0.3941605839,0.01509463289999996,0.010701937299999964,0.39932683209740993,0.005166248197409962
2022,xce4595c6,0.5339805825,0.5334138592,0.5862068966,0.052793037400000076,0.052226314100000004,0.5325344889282029,0.05367240767179715
2023,xcef79d6a,0.65,0.6068651472,0.5170454545,0.08981969270000001,0.13295454550000008,0.5759164545211242,0.05887100002112422
2022,xcf4340c5,0.5423728814,0.538474778,0.6475409836,0.10906620560000002,0.10516810220000006,0.5331045468715114,0.11443643672848858
2023,xcf87fff1,0.49,0.4798078156,0.4812834225,0.0014756068999999816,0.008716577499999989,0.49043765732203326,0.009154234822033258
2023,xd02c9f0c,0.5555555556,0.5733427017,0.6373056995,0.06396299780000003,0.08175014390000002,0.6076682396382296,0.029637459861770465
2019,xd1dd989f,0.5470383275,0.5275942174,0.5317919075,0.00419769010000004,0.015246419999999983,0.5279050728293448,0.0038868346706552037
2017,xd39bb30c,0.5225806452,0.5145866148,0.6573426573,0.14275604249999996,0.13476201209999994,0.5223699612702841,0.13497269602971584
2017,xd428d347,0.6477272727,0.6688680649,0.5892857143,0.07958235059999996,0.05844155839999998,0.6330727453600229,0.04378703106002291
2017,xd621c6f9,0.3775510204,0.4292570231,0.5317919075,0.10253488440000003,0.15424088710000006,0.4672087703029302,0.06458313719706987
2019,xd67e460c,0.5193370166,0.4768933881,0.4518518519,0.025041536199999992,0.06748516469999999,0.45667598222659755,0.004824130326597564
2022,xd6997537,0.6904761905,0.684985509,0.8514851485,0.16649963950000002,0.16100895800000004,0.6253898876324797,0.2260952608675203
2019,xd6a7278b,0.4836065574,0.4595491691,0.4475138122,0.01203535689999996,0.0360927452,0.49709467397915397,0.04958086177915394
2022,xd6a7278b,0.6300578035,0.6441613346,0.4636871508,0.18047418380000002,0.16637065269999995,0.5597907571073257,0.09610360630732573
2023,xd758ec91,0.6076555024,0.6373781633,0.5489130435,0.08846511979999994,0.05874245889999996,0.6221281408903607,0.0732150973903607
2019,xd8d11c23,0.6666666667,0.6286514804,0.606557377,0.022094103399999954,0.06010928969999996,0.5911819034621555,0.01537547353784452
2023,xd8e12b94,0.6038961039,0.6261111173,0.6422018349,0.016090717600000026,0.03830573100000001,0.6635641947624151,0.02136235986241508
2018,xd8f27801,0.506097561,0.5551810381,0.5757575758,0.020576537700000008,0.06966001479999995,0.5858288976011927,0.010071321801192745
2019,xd8f27801,0.7209302326,0.7058590911,0.8255033557,0.1196442646,0.1045731231,0.6459922211201317,0.17951113457986834
2019,xd9da8c04,0.6144578313,0.5681580693,0.5866666667,0.018508597399999993,0.027791164599999973,0.5712744509983434,0.015392215701656609
2023,xda60a354,0.7028985507,0.6458389725,0.5636363636,0.08220260889999997,0.13926218709999993,0.5689115680311563,0.005275204431156255
2022,xdb449abd,0.5148514851,0.5884349559,0.5210084034,0.06742655249999996,0.0061569182999999805,0.48464793011500973,0.03636047328499026
2018,xdbadc986,0.4,0.3996332103,0.5,0.10036678970000001,0.09999999999999998,0.45085165904753133,0.04914834095246867
2021,xdbadc986,0.5074626866,0.5267750185,0.4732142857,0.053560732799999955,0.03424840090000003,0.5220016745389504,0.048787388838950396
2023,xdcca3a30,0.6257668712,0.5992169526,0.5225225225,0.07669443009999999,0.10324434869999999,0.5934089593610139,0.07088643686101392
2019,xdd93681d,0.5755813953,0.5834990213,0.5963302752,0.012831253900000061,0.020748879900000072,0.5710345403759103,0.025295734824089755
2018,xdd9b18a3,0.5818181818,0.549291472,0.519379845,0.02991162699999994,0.062438336799999994,0.5700718335690897,0.05069198856908974
2023,xdd9b18a3,0.9185185185,0.9117686519,0.5964912281,0.3152774238,0.3220272904,0.7540502236917614,0.15755899559176145
2023,xde559809,0.4239631336,0.458643443,0.387755102,0.07088834099999997,0.03620803159999997,0.5013634645144691,0.1136083625144691
2023,xe04cbca0,0.4615384615,0.5143336761,0.5172413793,0.0029077032000000003,0.05570291780000003,0.5521369226570432,0.034895543357043146
2023,xe0ef090a,0.4172661871,0.447363874,0.5092592593,0.06189538530000005,0.09199307220000003,0.4749520019613733,0.03430725733862672
2017,xe17e997a,0.4259259259,0.3494750129,0.4516129032,0.10213789030000003,0.025686977300000025,0.4419466360261204,0.009666267173879639
2017,xe1e164de,0.7983193277,0.7350007386,0.9006622517,0.1656615131,0.102342924,0.6756516182580441,0.22501063344195593
2022,xe2980afc,0.6580645161,0.6752958236,0.7985611511,0.12326532750000008,0.14049663499999998,0.6514945985062468,0.14706655259375323
2018,xe3a536c4,0.6089385475,0.5570086261,0.5826771654,0.025668539300000015,0.026261382099999953,0.5822481018854884,0.0004290635145116628
2019,xe3a536c4,0.7666666667,0.7169607798,0.5365853659,0.1803754138999999,0.2300813008,0.642412532435447,0.10582716653544699
2019,xe40cc124,0.6934673367,0.7405835636,0.5798319328,0.1607516308,0.11363540390000004,0.6346792206345739,0.05484728783457393
2018,xe4b0204e,0.4347826087,0.4508251403,0.5459770115,0.09515187120000002,0.11119440279999998,0.4444191531142625,0.1015578583857375
2017,xe66ae8ce,0.4832214765,0.4409603144,0.3452380952,0.09572221920000001,0.13798338130000004,0.4369829830757528,0.0917448878757528
2018,xe7e27d6f,0.4351851852,0.3986623199,0.4285714286,0.02990910870000002,0.006613756599999965,0.4806194059638109,0.05204797736381089
2018,xe86ec770,0.5789473684,0.5582907827,0.5578231293,0.0004676533999999899,0.021124239100000053,0.5639345263115167,0.00611139701151675
2018,xe964e40c,0.57,0.5695069504,0.5149253731,0.05458157730000002,0.05507462689999998,0.603096349271393,0.08817097617139302
2019,xea52afd4,0.4761904762,0.516515641,0.5167785235,0.00026288249999995017,0.040588047299999985,0.5521009119105535,0.035322388410553573
2019,xea571453,0.6764705882,0.6291211446,0.5962732919,0.03284785270000001,0.08019729629999994,0.6042350332806219,0.00796174138062189
2022,xead44c76,0.5072463768,0.4955340399,0.4785276074,0.0170064325,0.028718769399999955,0.4952968764092667,0.016769269009266674
2023,xead44c76,0.3483146067,0.3708074334,0.3760683761,0.005260942699999993,0.027753769400000017,0.4095694935291121,0.033501117429112104
2017,xec19307a,0.5271317829,0.4356187037,0.339869281,0.09574942269999998,0.18726250189999993,0.451811579437706,0.11194229843770598
2017,xec3deeba,0.4497816594,0.4614915473,0.3882352941,0.07325625320000001,0.06154636529999996,0.45271696347115586,0.06448166937115585
2019,xec3deeba,0.3881578947,0.4090162578,0.4166666667,0.007650408900000016,0.028508772000000016,0.4637030996209326,0.04703643292093257
2023,xed75f5b0,0.6691176471,0.6732435787,0.652173913,0.021069665699999907,0.01694373409999994,0.611476004994632,0.0406979080053681
2022,xefe36796,0.4472361809,0.4584706369,0.4137931034,0.04467753350000003,0.03344307750000003,0.48524888989492077,0.07145578649492079
2019,xf0998443,0.7840909091,0.6980839643,0.4827586207,0.2153253436,0.30133228840000004,0.644960677652362,0.162202056952362
2021,xf1801e57,0.4411764706,0.5255454194,0.4671052632,0.05844015619999998,0.025928792600000028,0.5813045149365994,0.1141992517365994
2021,xf1eeaacb,0.406504065,0.4425189321,0.5,0.057481067900000016,0.09349593499999997,0.4258167908715631,0.0741832091284369
2017,xf27b12cd,0.4867256637,0.5157633419,0.4822335025,0.03352983939999993,0.0044921611999999556,0.537775842224919,0.05554233972491901
2017,xf35c8516,0.6145833333,0.589446942,0.5,0.08944694200000003,0.11458333330000003,0.581130924839103,0.081130924839103
2018,xf4bbbe2f,0.5826086957,0.5608132404,0.44,0.12081324040000002,0.14260869569999995,0.5655413115499215,0.12554131154992149
2017,xf50e9174,0.650887574,0.6295607979,0.6036036036,0.025957194299999986,0.047283970399999986,0.6064378896337654,0.002834286033765454
2017,xf7337413,0.6213592233,0.6173503468,0.5664335664,0.05091678040000003,0.054925656900000064,0.581763742121689,0.015330175721689043
2022,xf7e25eb9,0.5431034483,0.5796383825,0.7465753425,0.16693696000000002,0.2034718942,0.6267899743739616,0.11978536812603846
2017,xf83a2dc5,0.503030303,0.5348962957,0.496,0.03889629569999997,0.00703030299999996,0.5122313850364613,0.016231385036461266
2021,xf90c7ff4,0.3739130435,0.5054289445,0.6477272727,0.1422983282,0.2738142292,0.5854304865024638,0.0622967861975362
2018,xf9d65abc,0.4521276596,0.4426492326,0.4768211921,0.034171959500000015,0.024693532500000004,0.4421808503717468,0.0346403417282532
2019,xfa17ffbc,0.8176470588,0.8284905826,0.756302521,0.07218806160000002,0.06134453780000004,0.7175525638148805,0.03874995718511942
2017,xfa5a3605,0.5714285714,0.5888995216,0.7927927928,0.2038932712,0.2213642214,0.5870561674570833,0.2057366253429167
2019,xfa856273,0.5673076923,0.4966986363,0.6338028169,0.13710418059999996,0.06649512459999996,0.5244640118692594,0.10933880503074056
2018,xfc122006,0.5327102804,0.5569657299,0.6516129032,0.09464717329999994,0.11890262279999997,0.5929206024127538,0.05869230078724619
2019,xfc405059,0.7532467532,0.7839180092,0.6390977444,0.1448202648,0.1141490088,0.6952358576156801,0.056138113215680074
2018,xfc927d43,0.6809815951,0.6585448095,0.4782608696,0.18028393990000002,0.20272072549999998,0.6175337298514538,0.1392728602514538
2019,xfc9d1e9d,0.525862069,0.5118738372,0.5882352941,0.07636145689999996,0.062373225099999985,0.5023589810647291,0.08587631303527088
2018,xfd8987d9,0.7207207207,0.6637702461,0.6134453782,0.050324867900000014,0.10727534250000004,0.5651110294973147,0.04833434870268527
2018,xfe25e919,0.6273291925,0.6251929147,0.4193548387,0.20583807600000004,0.20797435379999996,0.6126520191376645,0.19329718043766453
2017,xfed85355,0.6529680365,0.6522283685,0.7522123894,0.09998402090000003,0.0992443529,0.6130046568559013,0.13920773254409868
2022,xfed85355,0.5664335664,0.5890259109,0.520661157,0.06836475389999996,0.045772409399999936,0.5987375520569618,0.07807639505696173
